business_id,name
yM8LlTInbQH4FwWC97lz6w,McDonald's
aNXw3PkXVt8ANwLyCfcmpg,McDonald's
gb7JjRJtzWDsIWpJihZhBQ,McDonald's
9qxMhGWjGsuPUoQB3Y74Wg,McDonald's
A1lAqN3SOaBLoo6NqVcy4Q,McDonald's
kLSEk3qXY1KdtFjxHJ9pww,McDonald's
wcpL6sD6jKsBO0tbdK2KEA,McDonald's
kgMEBZG6rjkGeFzPaIM4MQ,McDonald's
cwvpVlg5BE2XXRWTHe3p9w,McDonald's
N7wYxm84QtcqTJZfGWpxzw,McDonald's
aqubLw9IW03svL_uDXNJ8A,McDonald's
NyV_2EGhs-YHYYVmZRYmOQ,McDonald's
Jn5nZ0b-cdBS2xHnF4msug,McDonald's
3bmrxhqVpB5XCg-4j6y39A,McDonald's
3_kZ2pDiKJLZ9kGKKOWqdA,McDonald's
L3u4I6wHtwMQJ-ZtvfrkkQ,McDonald's
7YiLEuHuUONZrMPT0OxXUQ,McDonald's
CxoRg-ZcXdpqXWmUJliYog,McDonald's
2gTnSpYBmg_5JubGpCtSQQ,McDonald's
y0pfoNQOyrb98aEIdH6cnA,McDonald's
59fWFpyDg01BTEH-Hh6jdw,McDonald's
eOeKgRKbs-iAsIEOmHTrYg,McDonald's
gq4zw-ru_rkZ2UBIanaZFQ,McDonald's
9DhjKaR2f9wKATnUvxBAgg,McDonald's
zSEqhlaHqY8sIDxznturEQ,McDonald's
RPLPto1ejkyE8vsGOV5phg,McDonald's
HvFHRwDDu36nBGSyEv81WQ,McDonald's
8ZHMr31oBElXmaqSmZJs2Q,McDonald's
6jNFUIKiCCKnLCpGJpkyrg,McDonald's
-7Rx5jVeQmlVoAU_oXrzew,McDonald's
rH0FgPdxWWhH4YFz4mempg,McDonald's
5ewePyN_mEE_79OmYyYBEA,McDonald's
iJOwwuhHP_0BCHmpmJ8l4Q,McDonald's
-9yzQQ0d_rcOD2CzdTNO_Q,McDonald's
zdG9d52hqH0JIk65LQzcaA,McDonald's
nROgQ9JIN0sjv-i5R1rHcA,McDonald's
5D-Gjagh385iopO3xqjjIQ,McDonald's
ZznSNkRERGH8l-wSFJKsEA,McDonald's
ksma5FPvWkaZvcwHz_bZPA,McDonald's
QSA-x2bb3kum9QLFpy7vUg,McDonald's
P0u1f6ea6LsyB8m1CXXyNw,McDonald's
6rZkogALtWhE57DpWhK6ow,McDonald's
W0JwMDaPz4KxJPqiUuh45A,McDonald's
fFA6bjWbq724vB1tW4V9pQ,McDonald's
mvJazJqQvm7CO7kykpDptg,McDonald's
xYmyJQiCnsMdxHpMQomxqQ,McDonald's
9SVub2VmfgMmyqe3KQh3bA,McDonald's
_RHKuqA3mCHBaNyoljJTrQ,McDonald's
c4x06huNhVp04VI_MUiQsw,McDonald's
jSP0rpPCYJ-FvW6yydY8Mg,McDonald's
wCWtAobVuZ0N7XJTb1ugGA,McDonald's
HoXdBq2Puaj69d8z6lgiVw,McDonald's
eqLgpNj0DnRpMj63IfGVeA,McDonald's
CGK0IuZi9rvdRyB3oxHMnQ,McDonald's
wPwxfwrSNMmqxEHMzGG1Jw,McDonald's
WhzPmavp93LcoFVZSELUSw,McDonald's
Bc_Bw3dLw5S5hXM8UCFoqw,McDonald's
3w7NRntdQ9h0KwDsksIt5Q,McDonald's
2KjXarF28RIn7_APW1b7qA,McDonald's
5OpUORgAc84h2Z4ctxKCiA,McDonald's
e8bOuDRCsHOb5IqQrapT2Q,McDonald's
3RRvxFR5V_p4NicI7DGVEA,McDonald's
V2hqC0b1d6Yn0JMGg4DCPA,McDonald's
MYVWCT18urcDDPl7nJ5cFg,McDonald's
7a3P2nje3j65pX6d5xYCvA,McDonald's
_3VCzu9a79nrU0YA-WvUCg,McDonald's
PjknD8uD_0tisZQbomiYoQ,McDonald's
JaHuWM3Tp1aG7NW66mhutw,McDonald's
35BuVcbDU7D9mjmruxmnEw,McDonald's
y5fT2Nx49cWtmQTJzkphmg,McDonald's
nGFWg8F1dvDW3iasvyOEBg,McDonald's
3kFs_QlJ64oZ2qPu0WqaWw,McDonald's
qXctAMyV6n9PSjPQuUSEpw,McDonald's
d3v51cMiLdNvn0GevIQDeg,McDonald's
g_0U8kzf5iTMJ-I9E3MWlA,McDonald's
KuCqZJuqs7EEWzxeZ3w94Q,McDonald's
hUcUvCpETeN0hvN32zrOlA,McDonald's
3emutOUAcgDUtwiXGDnYGQ,McDonald's
mZhgrM010o3JkaCZO3dXRw,McDonald's
w2COOqbypjJd-HbJAa-0pw,McDonald's
WQv2RGlyOIlDsUmF63nh-Q,McDonald's
k52dmNDRnhwpwEju7LI-fg,McDonald's
Up_4I0tqoVtyknJJXULdfQ,McDonald's
8u30hH32rp4d3TnULZw9vQ,McDonald's
eZNBKIqJi5w7-bGh501ovw,McDonald's
IThvWu5a659nF3bk-wzgcg,McDonald's
HC0g0xOuGDqn1jCCMctu8w,McDonald's
BcyHAag7lr2bVZGNW4u1dA,McDonald's
jshnKTsnoXLSez5XD1qo7Q,McDonald's
tKIY9qXUUHIqOXXyT5EB6w,McDonald's
nampgzRa90YQd9P2pdi6Qw,McDonald's
wjUlOsBLLnxpprgI-sSiDA,McDonald's
6FNfW_9YaP5Fm7tE1caLyA,McDonald's
3gwwGdwihsmb4TOnUOo6RA,McDonald's
2s1e-4t_35JfQBXAluqqzg,McDonald's
KwWmZOV6q6GTva8j6h05Nw,McDonald's
02exrrOiVaTnrRXQGaYCDA,McDonald's
UxPNpzKEC4FpdidHz8MCcA,McDonald's
d4qVVElEjQrsKBg3ytSWww,McDonald's
gB1PKRyyBj0ZnKrb8byMCA,McDonald's
8qGe4GQYyZstFhYa0rvpIg,McDonald's
Bx99-hT49G87I9S1V_6ikQ,McDonald's
VZxyWuhu_wF1wqeZHo2uDg,McDonald's
iryPcdtXO3HQfUzXBqzckw,McDonald's
7dtnDUJuF6cyqkv5Hvuumg,McDonald's
bDNBsMltPLACTkYFIBB0Mg,McDonald's
nEP-AgKGA_-sEpotsTIhjg,McDonald's
WO_ntmoHq0zovM8v0niBAA,McDonald's
RGMPK0znWtlP6Sr9yHntsA,McDonald's
MTm2ttAKyfkn2c55PySsPA,McDonald's
coBMIDJvLpiOCQhu3uM4MA,McDonald's
crW3WgVBvfE14EzHD8jClA,McDonald's
uOf1XvY9yPEssWP8WBfgZA,McDonald's
sIgFetlP6tX1vYWYjkyq1w,McDonald's
M99ZH5s10gditCQZCJfCMQ,McDonald's
PN63nkTW7UBPeVTMZZ8blg,McDonald's
fSfrk_Y9xmcCvMJVdYkJTA,McDonald's
j7JUGY0WtfGaV8DnkmNNGQ,McDonald's
9-ko2uX5p7h17KbpobOGaw,McDonald's
cy1qlowyE-zHmzfVyBFOJg,McDonald's
1Jo4UC0YNPoPm9Gfur8tQA,McDonald's
9ik4zu2353HJu9QMrVzOiQ,McDonald's
_aITm6sZmcPzlAsaMZUQew,McDonald's
kayZz9qkn24KGspavVYxfA,McDonald's
p3qatJIq6b8Gd_k7hwpHOg,McDonald's
a_gAQfVy9Op95AGdZ7PFXA,McDonald's
UBj0aJ6FfMR4tdvRbQ3KSA,McDonald's
YGUr57Zf4RYb7mswg32qxg,McDonald's
CJk82J81BWKvNTOGRyBD-Q,McDonald's
3tHYTqsJcsZ578bmcneY0A,McDonald's
rShPcpEDUniXVAcC62FrVA,McDonald's
1xOyqnO5FtxSLwRfT6mzPw,McDonald's
enfQ1SHv5PpO_Pq8BvtCRg,McDonald's
H5cH1BbNfP5YEkytAQaYrg,McDonald's
t-ZpeItaWnYymUK1Hrzr1A,McDonald's
Vf2VpSmAHwaQzkIwYdFyRw,McDonald's
y9WUY6Gh3GcVqtXkDre3fA,McDonald's
Rq3Wjcg5ULV2yn-AwcmirA,McDonald's
I4ZaFW8tHrrtPbyaHIVguw,McDonald's
3eJlEkRmcJODPMOp-cJkcA,McDonald's
8Ho1ctSlanp9w_-dPmkFSA,McDonald's
6BWcdOv10taQzy5BCVl2rw,McDonald's
W0QKIbOBpPDD56umLllxsg,McDonald's
GU6AnPaDqYA7PYIS52CKEA,McDonald's
JJMMayeZruzAA_nKAYQTpA,McDonald's
xR97Lcp_HwWm_yaBlfOXTQ,McDonald's
uVXm-khx_kNEnhKLgn8jUg,McDonald's
kUfUsNfgf0PFRH9d2bLSOA,McDonald's
BKvjZNKB5CKcVltuc-2T3Q,McDonald's
Qi3hCb03SwNwPj_geMRQXA,McDonald's
Tgq7FzfhLx97K5NBXGO5fA,McDonald's
03YfclexPdS_yrIbU6ahaA,McDonald's
QZJklQcVn5EqDarlAEwkZg,McDonald's
jHZi9YI4zUWoBZ0BTj_92w,McDonald's
VhVc_kxNStk6var7DTCf9g,McDonald's
DEULqPtQ5cbGyvc0yfZudQ,McDonald's
HgzSkvWHctw5pTQVfKNegQ,McDonald's
aF5m1YyHVh_sFoCgPVZT5g,McDonald's
lAeoNBksQeNB5cY8mvYg9Q,McDonald's
3qGQcQVEn8GYqkVXL-RS-Q,McDonald's
E7mAwFPNhjNYXoeZh_jvVg,McDonald's
qZF_3GegBnpVC4PjAHDrXg,McDonald's
2-6E1sAD1MKUixksDw-hkw,McDonald's
fzftd8EhMnYCXE7D76zCrA,McDonald's
-cXxMH_oL82mOK6MBAjOHA,McDonald's
1kzNeQbACsnSGR0ubpsNbQ,McDonald's
ZYJzr1diF0uwD4Wp7qkKxQ,McDonald's
8CfXhST1sJt6IH99PPEZYQ,McDonald's
qpgkWql42qgW095udiCLYg,McDonald's
QDgGe--XQrPrap3u5EjAmg,McDonald's
AgRp84lRUlo_DoT_kOawCA,McDonald's
c14bGBk8b76o7No3fdbywQ,McDonald's
vJpRfwM1MT3gWjKBZf_9sw,McDonald's
TC0SkzAqSdbmX0bYyvoJ8g,McDonald's
UrB8opztqsAB_0ZyN3MnFQ,McDonald's
xiDQmACz5UcVvCH1zdkwOQ,McDonald's
CcYQ5iBvUlG7OOVxacvBEw,McDonald's
wkIwr6GfkhoodGV-thcICg,McDonald's
TbG9cKTpRdALSFyAN5XWqQ,McDonald's
WRh6AOkXFl1qtnlCYUUQ6Q,McDonald's
uWLFplSCk3lI9rf84ZDwUw,McDonald's
8MzlreHr5tUxXM_Maqm1eg,McDonald's
dGlMJzK84qUU8zwdbjUjmw,McDonald's
NZ8rkOpkBisCWpfJb2rfzQ,McDonald's
s5J4_ZJpBqsPYuq8ddZkOw,McDonald's
sLw1rA-NK3vm4Pbvzczb8A,McDonald's
3AFJwWG2OcGtRlJhhEbjKw,McDonald's
gRZfY0lrS4JyFg4lgQfczA,McDonald's
0UYn-R_LF-V0KSlYFRi3PA,McDonald's
x15WdO1CEan8yqexBNNOhA,McDonald's
4tJmaaIAG-rZrPF-2CpNEg,McDonald's
nRv9MgxFMhONywEpxyI6uw,McDonald's
M8Zxy5yP2XPXdeiGW3lUrA,McDonald's
ZdJgP7puNRex0Hy4PWIcAQ,McDonald's
jqVyVd07PJnmOmEb0GOJtg,McDonald's
1riuPe3T4qcDkYlmEPku_Q,McDonald's
_oEolwACvc0oFQdd8yM6gA,McDonald's
2YanqRyvO7nzfwi2SPQa7w,McDonald's
lA5BOb5Om5cn_dfwiOgbNg,McDonald's
yIAhT0JRN05LRIJA16Lx5w,McDonald's
JpH5dhrs9nB-DEoX2dbZwQ,McDonald's
G1vUqy1-vDsCbCFrZkFnuQ,McDonald's
0uAdNV5KUFOgbg42MhDwWQ,McDonald's
eX1E0J6uh8a3oVazer1_yw,McDonald's
Tvn4DEIXkRm9QY_IQ_HJJA,McDonald's
OAT5j2W8F5ypj0eDGH22Xg,McDonald's
96xOmjfSB6RoKUFAF8yzIw,McDonald's
SSflsIndvh-xokDPiqZFPA,McDonald's
KsUimGJMBc7hNcNtZVrvRw,McDonald's
jgOgj1gvfPy3DEIpSjQiOQ,McDonald's
1JXJbmiVaLK2Wc2-reqQ5w,McDonald's
ZLiOI7MPPzZYj8fA_7FFHg,McDonald's
cFFUSPIJfjm5pbgLGu91XA,McDonald's
45RduxnVKS8kB1sU_p2mUQ,McDonald's
fdKqGhyMll3WpOqJOQaQPw,McDonald's
rXROtgLbpHRnkqWfEL6YhQ,McDonald's
zG3ijcNz5_KyxQb3w29OZg,McDonald's
EmN85_ePa8uogLdjN0g6Gw,McDonald's
szamoM9NWmqMgNmhCIWztQ,McDonald's
uR--z40doqUJNP5WVsSKLQ,McDonald's
9shXDmiEvRLgD93R6KlPNA,McDonald's
6vXFb9q_dfhI67hma3xRjA,McDonald's
AlMozN7JtyrIDsyrgqRZzw,McDonald's
uShHLfwPhalzCPxh5VwgUQ,McDonald's
e1VzUnaKA3uSHhAxxI99aw,McDonald's
_QQHhERJ1WVH05Vc8AJ1kQ,McDonald's
haYikT8axUlLyNS7k-osng,McDonald's
uQSCNdPI0dC_sPsOh1U8NQ,McDonald's
0KaePrBSRJwUQaHywCM5Zw,McDonald's
jhSSiLwrq9t3Fij2pVlvug,McDonald's
8cGyreYTlXU87DfS8g4P7Q,McDonald's
sPFVy3YI8viClkH08SPLeg,McDonald's
PCIR3Z78l_nLXu_OnhTweA,McDonald's
sg4zySgp0Al1WNk-JhTbHQ,McDonald's
nphMADgWEWqQ_CM_-tWFMw,McDonald's
O3e9xgI92__6qK9a937LeQ,McDonald's
b01W9cJtcB0dtXqnNtsstA,McDonald's
9oJinxECxlSutUM0kBOixw,McDonald's
pnR9ex4IWiYrnexU6qNP9Q,McDonald's
AqYorZLGd1DP68eL5hQN3Q,McDonald's
t1o0DX6aEUVm9ur43kQ_Yw,McDonald's
pvGBHwMceiP6c6L41aL2tw,McDonald's
JFY8k6JOc-iz1oszqHFgCg,McDonald's
LOpRqDGLGOKk__bc2-JbBA,McDonald's
_hfy-Rj0XtJAxaKRQmKeYQ,McDonald's
Mu90i2c_9B5LOW4FpCWjEw,McDonald's
_ljP8KWwMTSMOv_zGW6nBA,McDonald's
k91vKZa8oDHGFEumLyI-KQ,McDonald's
jcXkAf-4BSsDNVhTHn-fmg,McDonald's
FEFi0AmjHzgSceeLYW3Glw,McDonald's
wUHUyTrOpUcTVTQpyZFo8w,McDonald's
xZxAoUnClT5wm0-QuZPFwg,McDonald's
mhK2uIu7F06ypYdQ5ndmzg,McDonald's
LLx6iXXDWz205YXs6Puzdg,McDonald's
a3oQcnZHbFooAaevF1IjbQ,McDonald's
R722fDi0r2oamiWjbnRP2Q,McDonald's
EUiV2nhMgXZHL--ofr3Xdg,McDonald's
ccH0aidX_Z7FeAGW2oejog,McDonald's
qaEqiGzQ67ief_yoKP97Hw,McDonald's
jCyQknyt1mkMTBw60-ABUw,McDonald's
KBtJ98QUDu3LCESV33YxcA,McDonald's
KDOChZhZt7AvV_QuxXMDrA,McDonald's
TfP0dN1L88RcWyQzp2O7Eg,McDonald's
yj0bwjpMvBuNgJ0IQIC8mQ,McDonald's
yzz9gwayRptbwV7l5cHtRQ,McDonald's
GEKQqHL78Gkhy1juc7dDww,McDonald's
2gi23-n_4fTU11olohHxrg,McDonald's
fKP9ALt3WZ6WipB98eGIJg,McDonald's
UIlOq8dHsaqOqTZJVvI8tQ,McDonald's
b4GPlPrcZLZY-TDvr8u3Ug,McDonald's
FKcQbzeClxbTAnAVJXx__w,McDonald's
b2ZSuQ_7aiH5IycxtY3xZQ,McDonald's
nJaofGlu3gAClv_1Kw5sUg,McDonald's
llmWFWNqZQ2J0UVECr0bvg,McDonald's
03an5ytHalUpCjfN8vcjRA,McDonald's
Xa71VM37G-SdRmGjc_VzCQ,McDonald's
noRCd744AD5cAT0nuq5Aaw,McDonald's
3Annr4f7u9KX2bavh2Y47g,McDonald's
V_L4yNgqG1zVbrvy7lgOWg,McDonald's
LdiNRhW7nBqHub1d3Q4cOw,McDonald's
7dfl5-n6r_8EJVh811q9hQ,McDonald's
l-JQja1KoFdjaP8AJp_mvQ,McDonald's
70vQqNfFTdA3FmqjFDnVfw,McDonald's
s0NYfUhZ4wa5c1c0EPdlRQ,McDonald's
YJn_vbvLVLySH3ZdMYlSsQ,McDonald's
XU8MGYX9oKQ0bl4r8IMqfQ,McDonald's
dB0h6ULGQiFuhE2G3zh-uQ,McDonald's
GiSQ8fXpAs3M9Y27BgEd4Q,McDonald's
62eQzOWKmzsIJnJN33vofQ,McDonald's
ZtZNEwpzAh0uKUKA1Gg-yw,McDonald's
f9EcjCMakeDJMRR7nKH6zw,McDonald's
GWajXz5cKulo-5A1wCKv8Q,McDonald's
Q3ZVqlnrW0OQsakX-yLwvQ,McDonald's
n2LA9JJRhrC5DzpkFhhy-w,McDonald's
RgVcY0hWnkZkP76cqb5ZhQ,McDonald's
KEA0YPercPSPYh1JcpkV2A,McDonald's
mLF5l4rFV0JaD1xsB2IPng,McDonald's
tdalPINw11qFnrb2YL0ayQ,McDonald's
BvpSIYibEitPN-SH14I9yg,McDonald's
I8KMfyZoEqzLQtChv2X5fA,McDonald's
GTmwc3AWVB756gDiuHwtuw,McDonald's
AbR-qyMws6GgQYgZcaBKJw,McDonald's
bwDeI0YRqn7rToBwH4ptKQ,McDonald's
wfBEbpPmIm6PX4oclmOt7Q,McDonald's
jXb9PQf1Sss5ukgNVB1a1w,McDonald's
mw-Vn0mmSTYR1ZkQaHdeBQ,McDonald's
47TOmOqMxeyUSpYoLKqTsA,McDonald's
q65rexCPby1q3kHpKNkMwA,McDonald's
jSAOaEVCfZkcDpg-yVJ_Ow,McDonald's
LJeJ29ZQVwai3IGsHkso8Q,McDonald's
YgZwJJDb81jcPHLjJ1mYIA,McDonald's
i32_0bfMEpQxV_q556R6kA,McDonald's
QkcPjBcJ_ndCG60HWfZ-fQ,McDonald's
ULc4qSFQ4ISBs0SqlxmHdw,McDonald's
f0qy_jMfakYtRQLADjmC3w,McDonald's
ARKOI5VLF41GQGP8UDrheg,McDonald's
S0DD7L0Cu-fzIkzHEmjzTg,McDonald's
CbMJxmEsm_NFue6NQ0kNpA,McDonald's
2GUTsH6BHqasxtBEcXwNzQ,McDonald's
eb_LtLr1D1AT_XTKsq1RSA,McDonald's
mI3d2h5I2rbzRmBjAcD-8A,McDonald's
iLLCTZJgTucIFTMm0-IfTQ,McDonald's
TfYFyl8WFLPKGTcRz8AMpw,McDonald's
RMZOOXWt6S0FkzjsuwjP0g,McDonald's
EEOgBTYNuaAHDSOBXauQxQ,McDonald's
34O0RW7K12gB_og8Xv3M3g,McDonald's
reaFfmtszLuAKAldJsEIqw,McDonald's
T8KnchPug4GhrwvueZUspw,McDonald's
j6TDQvbRoMszGR0hyaVxvw,McDonald's
5mfbqMGaexZBtjLOtF9usA,McDonald's
HqjKx2lWhVa8jjhPNkkLEw,McDonald's
mM4vtt-BVT_80J9JSKdw7Q,McDonald's
J5CxTCM9nL_s-qYByTiNgw,McDonald's
pgEEHd7S83QsF6IFdWJkwA,McDonald's
su7Yky-5T1ZD7FTGg1qMag,McDonald's
3CDGF41-vPznG9zY0-05wQ,McDonald's
Z4yrtVsQrBB5dTvAmrIBAQ,McDonald's
V2aRYSwy862tExL-pBUFtg,McDonald's
zMqRuy0UApfa2NT-wVdURw,McDonald's
4LrN3iUtjMXUxilzE_xMVw,McDonald's
R22wAKcMz5BsZSQBRcyLHQ,McDonald's
doN8QSdGtlIAW7BP8afZEg,McDonald's
oLV14RPXy_gCS9gvlAofSg,McDonald's
uYVU2WJv8mxJsB8v1dO1LA,McDonald's
2J36fuglZCzvzfFlneRFjA,McDonald's
dogcOCiqIr3Q09VW_lFuEQ,McDonald's
sW6AmF-EUVRoOCtd5FJyCg,McDonald's
EbUHcdCkaIDRUh-rgDerbw,McDonald's
yOc3BbR4pua-7El5ce8lHg,McDonald's
MVLKOf25mj0MnqivWmdUwA,McDonald's
JhjHlvSgBqD-o8-ahT0ccA,McDonald's
teWJvpV5UuMZKdWtMONvFQ,McDonald's
3hmjz4VDytVaPy7drmvnDw,McDonald's
W2gSKulDUBGTfcSDk8kNvg,McDonald's
FoIzWtiwffKyfKJHsm7VKQ,McDonald's
Qbb6nFPzPgvyCDvCd7OHqA,McDonald's
VG_6ZamOZ3-s6ODu9BCmqQ,McDonald's
6tfH-0BnhzDc29p712rUUg,McDonald's
kK6rYQcyxW_FnuVh8oTT0g,McDonald's
hfnQgCDLlbUfPHkkMlpb2w,McDonald's
phh8Fo60_xBmNXyvdovTbQ,McDonald's
b5vN05m7zf7cQeIgdw9L2g,McDonald's
eQG5bKz5S4F0jG8mMw7ohQ,McDonald's
CSAJxLa_LeuIDe-lHrC03w,McDonald's
oa4bCkow1hrF6pqQCT6EGQ,McDonald's
pqO3306gXylthbj1nE2Gyw,McDonald's
MsjeqVij6usbF8lSARj4pw,McDonald's
smhunYEIv0HjziHb7VSa7Q,McDonald's
8iiOtnFCXPsq4mbXd-L-Qg,McDonald's
ef-uoHTDLBaoDZrc-MOtSg,McDonald's
r4grxU_cFpq_QE3OCXGAVQ,McDonald's
w2ReK1oQ9EUTgrN6Y0GSRw,McDonald's
F-L_qhgCWukNYwjck9vwzw,McDonald's
efVCzhiCt7bnlWzQyQlYYw,McDonald's
xg2BYY0tswiEDz2HvTRq2w,McDonald's
KwJY9y6ss29PCkL52kRxzg,McDonald's
CBXly4YEShOzxA6524BE3Q,McDonald's
F-Z2J3GDTNge3K6bsbnKSw,McDonald's
3hHw_c5CI-f2TdZOYDkHcA,McDonald's
AzQIIA5d5YFrU03pyhV1fg,McDonald's
2HkgsHiqWwEW9e44Vhw8DQ,McDonald's
WI8Oucjfr7t2AertQqbYLw,McDonald's
vIozkqGCcKZteMYouua5Cw,McDonald's
OMIG0o6Jy8mppFO8ry5u0Q,McDonald's
TfS4WxvQaQ96ts6fprfH0Q,McDonald's
QwwNjAyC5I8inmb2lNYrAA,McDonald's
hOApQmKn3ACCnycMDYEgbA,McDonald's
mVZhzTJ5xoneXa9XMWRyCg,McDonald's
WXVb0_TPSNGjqRshykMY8Q,McDonald's
TtFwubbGIKnVsx-0pa7KiQ,McDonald's
lvL_24Vo9CLg5Cyimkpdaw,McDonald's
_mGAcxIOqKcL3muEg3LHLA,McDonald's
2jbu_xi_FEghI37kPG5LzA,McDonald's
kQhmw4RexXf6rfjpiysjkA,McDonald's
41LdicYBvhBYLmDdXhB21Q,McDonald's
kXf1ub58e2IRQ3U7eEQjng,McDonald's
2Ax2c1Ok3bCa2CO-HKIzHQ,McDonald's
qFbBDbIjAKdqxJnHu7SoOQ,McDonald's
66pIa8VXmTQIHkMxMv_f0w,McDonald's
OCuodVY_jdUINB8KADuJqg,McDonald's
riMs1_xoDD143yY4i1QVDQ,McDonald's
69vVnH6T6-uwcJK4bxfV7Q,McDonald's
yh4OvNj73ioPYPhJv6MNjA,McDonald's
YpGSRLzkk8UOCVzd0Dpo3Q,McDonald's
yTY4Mtn9eNUj35mj452DMQ,McDonald's
D8NEBGvh1DVHbyEs2cWVAQ,McDonald's
TS-NZ7L-hQtmcGDG79P2cw,McDonald's
DtE_filcjbtVPa3vHu96Hg,McDonald's
Dy4cmOkfS_2e4DNNBx3O9w,McDonald's
j43CKlz11Id4TQDJ3wA4HQ,McDonald's
WXxlJiG1QIae0Dasbf-fzA,McDonald's
iMbqQ3nXS0V33EImLCqXMA,McDonald's
j4Fw7dF9W8wV3MrJIKDldQ,McDonald's
oMwgGoawoMEqvgcy2FKVug,McDonald's
nXG84STJU1y_AvevXABHuA,McDonald's
Ov8-eg1-2S9a1PpuYRVLTQ,McDonald's
8EHiK59NngwSxjcTYAzywQ,McDonald's
j76unyU-BZnZQjOMRb2ldw,McDonald's
7KJBDV_gd-ycyz7EiBzprQ,McDonald's
HFYgRMHh_2LN9nVhagcMuA,McDonald's
-YljbQMbbTC9jwn8kOLitA,McDonald's
5SIXBmfYWS2dVlIm5EER5w,McDonald's
3xwv_lWddQZ2ms4I7uK53A,McDonald's
szreY58d1Ag-XeiGYa6KNw,McDonald's
bBPrDU0lA1vgiQOlDhzuWw,McDonald's
zIOsk_X3bUTakbDcodGPMA,McDonald's
rZvy8V52zR2_2Jt-_WsvzA,McDonald's
VTOeRnkozjB4wLJhWhS3BA,McDonald's
U06K56fiCWYTtktwQkZ9TA,McDonald's
wY9y0cOAzNALZ7BELMwozQ,McDonald's
9tIP3Ey8swBpTlsHOQbvJw,McDonald's
-iXlYo2AI1iHgpeZnv5sPw,McDonald's
hVRebPv7EKMUGVV2m5IKaQ,McDonald's
jSZQ89WehnfYJcYMGQO2og,McDonald's
52DsTBhg8NjKDQ6sVaqB7w,McDonald's
CMiTXglTH36Z1Crwpf8nNQ,McDonald's
__2LkeVwTuKar5AE95Idzw,McDonald's
5tZ42WGLm9fr_F4eg7ME7w,McDonald's
IpCgkwUJ0UizDzvVCdnHow,McDonald's
1aSABPmktJY072mRN7_h6Q,McDonald's
b8kG6D1QEzwlovfm2tRS5w,McDonald's
fFpmBqoq5lpCxfQ-UjuJeg,McDonald's
5cpb23lEQ5brolyKRVBhgA,McDonald's
rfsFB_Z4B-CNTBktcUEbmA,McDonald's
nJxCI5M1-stOtXyFrYhuxw,McDonald's
UYIr1d1zJr3jVYhXOoxyLg,McDonald's
Gp29XKuYZEUGol2kwIUvmQ,McDonald's
UVZOk4q8Sovcst4N9ZQcKQ,McDonald's
C0W9r59JJld8ZfJ3hEQQWA,McDonald's
6RVwHKupjKs8lyu2qDQXtw,McDonald's
rfZXwpaBoXBYWz47NzzyKQ,McDonald's
vE_Y-3EWeu-IWlzpDKagvg,McDonald's
2gW2AflncKzHvmSvel2LBw,McDonald's
XTcqhIF7Rfm43aHzJPXT_Q,McDonald's
3UgJp_NqcBOrBE9ANvVxRQ,McDonald's
7rsdqP_j5s-x2OnFv_TrIg,McDonald's
QZcLPdsNijgiqz-cds3efw,McDonald's
PCdSjDrU4K8rUzVoxqFyew,McDonald's
pMLv5hzklGgcNMKr4xnhbw,McDonald's
m7QwOZSP21kmiZ-HQV5PfQ,McDonald's
LeXTkBfmJbGlG5VNLNLRyw,McDonald's
wCml58X_fTAbWXVLTQY_4A,McDonald's
wf2BEEcyK2HxxQiHSUI2Vg,McDonald's
6OJKoWZY-lLKM4zRcbauiw,McDonald's
7CwAjHjTPilN_zBuOSdMxg,McDonald's
djj8qE6hQjSeyEt9T2H_dg,McDonald's
1lWASQ_QiT_RFPEeSvyF5w,McDonald's
f8p3fbPnCXeYFpygOgbiqg,McDonald's
UPeIqSldWfA5M4gA--z-Yg,McDonald's
wJ3zqDpuxUKFtUWIVeAukg,McDonald's
iuFgUOCFgE7fBLpBhFQXdw,McDonald's
DsKm53QrsVk5GZ9QgYQmyQ,McDonald's
G4IigHfYODjMJ0NpF3zEhQ,McDonald's
TzgPHuqYMaU2hafYkJDRgQ,McDonald's
DPDqL_--3SgiXQ4P8U4kdA,McDonald's
k41dv3Pjnx0fHgkoyEz4Jw,McDonald's
YQD_Gm999Cthin64uLdOdA,McDonald's
OazW8HaMRQjo2bDEwl-WiQ,McDonald's
GE7eT64EHR6udOZUaP3yCw,McDonald's
vf81tOiPd08VGI28EkB6OA,McDonald's
uxzICSaSJuAgvWH5TOMXOQ,McDonald's
htc3Ten0e1WO0DO1MJM71g,McDonald's
VySIi29-o4hl4Ry4dBIH7w,McDonald's
WI4V-quGkyEdrG2__hIr3A,McDonald's
XlbFKW_Keun8qh1S5m3QgQ,McDonald's
FId1uY73JcswBn6oz5gTEQ,McDonald's
0JGG50I4c9iAPrk7H8dRcg,McDonald's
zdJCe6BLDB03FBC4U_9bYw,McDonald's
5iWGiyNiiiRGvPah8mJJaw,McDonald's
dAKbutwo3PmXq1G_EMwDlw,McDonald's
FWA-LNGHisJXq_UP0WfSmA,McDonald's
JUamG9JZEHwFDJGXLrgIFg,McDonald's
FZy-r97c8ifPtl8FMz7r-A,McDonald's
apdwYbDYSOgD89eEa8yDcw,McDonald's
Brq-BCgyGWnf26eLuYRMyg,McDonald's
5dXiNZgWI6B1VIFG3wVTqA,McDonald's
sSbbUmWhNmMKRZOHG1BnYA,McDonald's
biLRNTonGv6bLUQ1rx0Hgg,McDonald's
Gkfi3qXHH_FHvJ0_omUztg,McDonald's
sZs1UrdLUMQ6khJGXSvObg,McDonald's
xbgzX-_EpV6yH-6nf2LCNw,McDonald's
XWrRu2QN0DfxflkMIzqRlw,McDonald's
kAhT_pFlNuL3yfhKrpYRWQ,McDonald's
nEAxkQ4m0rbSAjD8mxaVrQ,McDonald's
_czjtkS_XllCJi_1vBc_sw,McDonald's
1MpCSA9931OUqvZ3vTqzvg,McDonald's
tDbF0IWQq-mHPi7OBla6eg,McDonald's
802zLI8fqGFUVbSojvZZsw,McDonald's
1v5n-Sb3HW_2Uhaq1X1PdQ,McDonald's
hoqITwtnCoz8x_2CcMylJg,McDonald's
pZl68OjM4Fz0Ms0raK69Bg,McDonald's
NCjb4Lo7VELIV3YcPzKV7A,McDonald's
HCtaslujHiD_j5St_FR5IA,McDonald's
MgoBAUgSv6UM6RNhwyV-MA,McDonald's
MSnWYdS0w5m9JLcr1wHO4w,McDonald's
fKbrDP45PmhwvVkNx3Tuow,McDonald's
SXqPjCaN6DL8lRzzZQ0O0A,McDonald's
4CdXVM7-7ek6sNs11gaVuQ,McDonald's
499j2YBfJuZLgNOk7SzFCA,McDonald's
NBkrB_4GW4YYhopBhMtceA,McDonald's
eIDC_UAORw0frg030Nw4tA,McDonald's
Be8U1wz3as45341ZFYimIA,McDonald's
4WWxTisW97Ks7r06Exxx2A,McDonald's
Oj3vZFPN5xh-MwK268WqLg,McDonald's
XN6IctwNyZOvmlXCkmettw,McDonald's
zYCrmx7qSuT-6ut1_F22iw,McDonald's
e4hdGUQH8IX0Tcx1Aa3Ltw,McDonald's
2YoJUob1RL-LCYGiXdq8dg,McDonald's
oDKGXVSQfegQt1QU9KLiJA,McDonald's
OEeQTVPtrKq4kPqdIJLrKw,McDonald's
Ai8MnqWUCTT03knlsrDSOQ,McDonald's
wIFiBEXMMtMuP9kgxYMQZA,McDonald's
mlwJfMFNERB9cGgrB4Uppg,McDonald's
AoboRmPP2tFZctiav2VAdQ,McDonald's
h696v2N0hcOOdsg1ebt5Ig,McDonald's
zaCX8VFkfunbp3yH60Zg_Q,McDonald's
SuzwgDT71HxOccHXsBpJag,McDonald's
dr_nIjj7A0PYfaN6qS2yng,McDonald's
dZ0ys95zBvv_LD6nrwhtyA,McDonald's
MBpl7cTqlJblEj0E8qSS6g,McDonald's
1tm-CQ4-dFxY03fAScQ01A,McDonald's
RA90yF4DWcRIcDj8S5qkZg,McDonald's
CR_hm3-T9HEGGWTElXErRw,McDonald's
rgCh1nIqJUPRf8QJM_YjSA,McDonald's
zHXYNXlSO3vMrWlISzmwlQ,McDonald's
OLrLFtCoacBjTjFGG65ckw,McDonald's
M5HQyQXVOuwT9lSMChKVdg,McDonald's
4t1VMmixGuvj6jKhWGLVWg,McDonald's
ZhcVjB2jA5nhzpTKjuR5cA,McDonald's
mJVNXkfExLzzsXvbaY-ymw,McDonald's
kSglWloGVOI5evbnx8ub5w,McDonald's
CcaYQDslcBH_PA0wbwZtKQ,McDonald's
zCglWMsODFnewijW7S5KwQ,McDonald's
5LMTmQJBxP9aONuu8KhLbw,McDonald's
VRwqMoWUebBzeg-dGOR9VA,McDonald's
jo37YLQJyWhuKBdjlKpoAw,McDonald's
L24ouhO2blekpFZZXIgR9w,McDonald's
LZHiuorqSMLdTJoGCV-UIw,McDonald's
Vd0BRbtnhEfNkVNKTH86Bg,McDonald's
4h7LohcAIj--xLHiF6ydzA,McDonald's
7UOJofNZSY6pQkIk6QUOGA,McDonald's
CGaaHAG28nnxMpbvOHhO-Q,McDonald's
2xvxGJu9rWdhZ7AheiOheQ,McDonald's
Vg48ETIyEP9MALSqfDLGmA,McDonald's
dD8HFOlOowiEcBv5F38pew,McDonald's
bqT9LFxOiV9hr0361Ph8rA,McDonald's
vJLbVnnZFb_kiUMjGIWsSg,McDonald's
P-1Z19YDcmwpwEazmhJOvw,McDonald's
HMyXpfUQud_7B0OsmBuNcg,McDonald's
HiQwgtgkvkqJmZrCyF2jBQ,McDonald's
ww-fKGfc4XJHOAxDH0ac5Q,McDonald's
iZi0sfFccB8ZiC2NZun3Yg,McDonald's
Mt85lqOEbMxKiokcnvI30g,McDonald's
GEdrmeb5ubO2Gq5MgMxDtQ,McDonald's
Cxh7HIPRhIr_DIetWp3jAg,McDonald's
UALJipwvpD-M-PzI9uALZA,McDonald's
4M_kLVDf0vq2dKoRcfkGCA,McDonald's
9dTnpsb_tO25h44IAoeRjQ,McDonald's
_CAtatmn5FKtMFXcyQyWdQ,McDonald's
8dsMAUIA8Xk-2B0qrDHSnw,McDonald's
eIClHkqYqCeaYOZSzu1eLQ,McDonald's
r4Fb5mUHIhjjpGABPGitqA,McDonald's
P0XD2z0VYEW6VnC7wIPPMw,McDonald's
kCrzq7PEBYCMU1xNPNQA8A,McDonald's
o61HRHnzNDcU6eMKZaB5wQ,McDonald's
NIlAb8xuqKyvvqV9mwK6Hg,McDonald's
8F75isJz4UF_5LFsyf80HA,McDonald's
cwzn8WC2mIUvC4DaXqhsSA,McDonald's
25tI2s_AmToGGE2fNQYY7w,McDonald's
3aG8idCwlP-loKf8_hxcRQ,McDonald's
ZgqZAKHXZi5HoCRYcTh9Gw,McDonald's
7Bq927oiZRlEVMqQSNR0Lg,McDonald's
ut9lc20Dq7tUH0tZMKic1w,McDonald's
zszv_H7xTUo6SjCebQbbGg,McDonald's
Ynokyesqb9pXBT9EUlnAbA,McDonald's
_4g4EBJowOS_LXbyMB7DnQ,McDonald's
LVhlQGAochcp0amO6-OX-g,McDonald's
jJrXxt3eQvKVoCNaCaaXcw,McDonald's
6g2-9mUquEDYw8y9KHJTzg,McDonald's
LuPs7eFsixV6OIGwsNUZug,McDonald's
Skjt4qu-ix90v4r4blJ07A,McDonald's
9eYm5gwEOhBQdkg9ihV7EA,McDonald's
uswNPK8UQ44QmopDal6Fxg,McDonald's
XK-mrAzh0cxD4U5Kmhy0fw,McDonald's
kvRjzneD1FWh4Szb-trL4A,McDonald's
b8jbsZHfrGZCVPjI9KXV_g,McDonald's
MoSyhSKj62gqBJyR_e5kIA,McDonald's
LA99Dl-b9r1nKIZ3gKC_og,McDonald's
RVIDySg190UzD4bipBqSOQ,McDonald's
XS1wPZeULZtbiP1OsuHFwQ,McDonald's
d9i5hq9hIjmp7RN2hsOTzQ,McDonald's
R84qWSVghknKWKXPbKwYLA,McDonald's
zZKnptPeSPSkza6SKq00HQ,McDonald's
UJQGJ0tlKO93Lia2JGidZA,McDonald's
ub8HSWJPsD_CqImzCehrZg,McDonald's
NUzUOzkNS1mTJavkVVcdVg,McDonald's
RpY32D_zRYFQPYHlrkDi9Q,McDonald's
hoNc_KStFGoPRvDq2oI8LQ,McDonald's
3gqWbaq86WGLScQlcMXEyg,McDonald's
yVBTwIJdbtScInZ7G8eDwg,McDonald's
11_eIDfQ146e1J3CMPjpqA,McDonald's
f1NVemrQsrsp5k2eGiO8mg,McDonald's
Mej-T3IEAZHw5hdpWUut0g,McDonald's
VbEm2EN2rpCqSQDVnIZZuw,McDonald's
EB5pnHGHthrpHw4875lzBg,McDonald's
S2f17_R3I2CXculeMDZAig,McDonald's
f44uARFaTuIPmbMn2VlSXg,McDonald's
edMDjyhuyaaRo5nOstjlpg,McDonald's
IRrUGBV4BjumBG3oiRRF9Q,McDonald's
7U7IgKCBvUqHDoZvmunuAA,McDonald's
ZnRFh390K4vgTvbNKi59GA,McDonald's
V71KzO8mXPK7E8no2FN8sw,McDonald's
8bdrXvgQ3pkvR0bCTg_LDA,McDonald's
zZ_xsIQfotnHe25MxQyg0g,McDonald's
40N6HwvUOiRvvdOfMX7wXQ,McDonald's
1YBqzpRWXW_Vb5grCPGRvA,McDonald's
k09pb0lnZfJ_TrcCH3VqrQ,McDonald's
UIxL3xxpmJ6LiOMdqbqFTw,McDonald's
GD0_sWqURBSZARKgNgbwRg,McDonald's
sMZe5nmFqffApI_-ReO4xQ,McDonald's
VPIHVHsO_vTk2lnAcYxARQ,McDonald's
9T0KlT0HW75LM-sTEPBPbg,McDonald's
gnE7VBl6EDTiy02a4WP4ng,McDonald's
6rzuiMOivqs6Qc3VS1ugGg,McDonald's
wE0DNA2dGzwLUTy6rxz3IQ,McDonald's
eYZBpbi42VoMYsulwalQaA,McDonald's
zkUGrri25CXfZc4OS2BtPg,McDonald's
LpoGxHNR-cEbaWhAaU1Nlg,McDonald's
lgoYB3YiKPBkMq51nv0wPA,McDonald's
mf7M1IxaoCRoM4-jJsyblQ,McDonald's
6tQrTyDTs5hWh5e4LlPLCg,McDonald's
KN0IJPxZ6bwVYmqLcAfRdg,McDonald's
wdFMJH5synpdp0jMNdCHNw,McDonald's
tgOSbgbTZ1zipBZakE-aqw,McDonald's
G7AEvOxbIUV2Em7FMmwXGQ,McDonald's
QwwljXNHdWjb6UkIFJZTlg,McDonald's
rkqsFfbdeuXevR4Z3VgFuA,McDonald's
jtvJ6JQ4D2z-SKdPkoU07A,McDonald's
X4Z8Iq0hICOjHdc-0NT_jg,McDonald's
3Rn91lErljcpt0sY31bXQw,McDonald's
TlusNUxZToaR7yjn69H5JA,McDonald's
IZ8MvaGP3O6h7VnpPBhkJQ,McDonald's
ayqh0cxxuLrnY55oZr0kkA,McDonald's
WklNC4oBYyPqMb2ILfcV3w,McDonald's
iuftKhlrXImvtz-OngBJtw,McDonald's
JG98smIWipytmzzvo4lBTw,McDonald's
I1LP0Vg55lwufnoNREE1KA,McDonald's
zraJ8MD-n5ob6s7dSNzKFg,McDonald's
z00F0RSAGimvSU9IrTevOw,McDonald's
zY4ObZaMfkguE37G2gmabw,McDonald's
pokplllvDH7X9-n_3IEj_Q,McDonald's
ZYjbZBJFGk-Tn6cpD-K5eQ,McDonald's
rNlG6yEM3tI8TBoPyzyPhg,McDonald's
wskZf-c4YAmtLA1i2WBKww,McDonald's
MLNZIwvYb7MiVkSm0lFFhA,McDonald's
xM2zutXv11alems5TnlC5Q,McDonald's
WXvQTyjP4lL94K9aauWVmw,McDonald's
bnY1-1e0XdPz6zTrG5dacA,McDonald's
8PKxsbyRIPfhe0KMiBYuyg,McDonald's
CzsnLeW_yFwmmcdvmy9bMw,McDonald's
qWhYKRqQf1RRUzxZdXbM_g,McDonald's
kufdqqeufwSP6rgeIKLKAg,McDonald's
3UHXD8T80OUFMCzLb3x-sQ,McDonald's
zi5cMfvS1imWog3TFfuFnA,McDonald's
dv_AMvV9J-6qrke4BUQuEA,McDonald's
ekBDNOCEzskY6VH5SBbGkg,McDonald's
dctMpMdLUMad1Umh4knaNg,McDonald's
a5TaDLChZDSgZ-en1sxNpw,McDonald's
5-aqt6yXDtV5p6vliEBxVQ,McDonald's
Q3_Z2oFu9D67QVB1uJTXyA,McDonald's
0ERS4_k61Ea7VVunLcxlgA,McDonald's
GrfFulYVrfWIKmwa1dHktg,McDonald's
RL6BaK196Scg2DEY3Uc1AQ,McDonald's
AtXi5Q5fNfvr-oZj3Vc_QA,McDonald's
o30cpvfgxHr6NQ5pvSb0Qw,McDonald's
k6ti2dkJD_6xGzxjQQ_FnA,McDonald's
yvk6mmjToQHHqeT17nrQ_A,McDonald's
vsM7RsJNrP6ukSgy1Ew5xA,McDonald's
NGK31ST2C3sT1uwNtAeFdw,McDonald's
oVMf5FvsD7_HmBc3B62Zxw,McDonald's
u7WBOKDV5JAqV4RACM1dxg,McDonald's
NHz8uMabvQ2nXk6CddCK4w,McDonald's
uaTq-_gVT8XWHdBfVPzsRg,McDonald's
